{"inputUnits":[3],"outputUnits":9,"inputs":{"r":{"dtype":"number","min":0,"max":255},"g":{"dtype":"number","min":0,"max":255},"b":{"dtype":"number","min":0,"max":255}},"outputs":{"label":{"dtype":"string","min":0,"max":1,"uniqueValues":["black","white","green","pink","orange","blue","red","yellow","purple"],"legend":{"black":[1,0,0,0,0,0,0,0,0],"white":[0,1,0,0,0,0,0,0,0],"green":[0,0,1,0,0,0,0,0,0],"pink":[0,0,0,1,0,0,0,0,0],"orange":[0,0,0,0,1,0,0,0,0],"blue":[0,0,0,0,0,1,0,0,0],"red":[0,0,0,0,0,0,1,0,0],"yellow":[0,0,0,0,0,0,0,1,0],"purple":[0,0,0,0,0,0,0,0,1]}}},"isNormalized":true}